{
  "0201": [
    "MPN",
    "Location",
    "Quantity",
    "Value",
    "Configuration",
    "Diode Type",
    "Voltage - Zener (Nom) (Vz)",
    "Tolerance",
    "Power - Max",
    "Current - Average Rectified (Io)",
    "Current - Peak Reverse Surge (Ifsm)",
    "Current - Reverse Leakage @ Vr",
    "Voltage - Forward (Vf) (Max) @ If",
    "Reverse Recovery Time (trr)",
    "Capacitance @ Vr, F",
    "Breakdown Voltage (Vbr)",
    "ESD Protection Level",
    "Qualification",
    "Operating Temperature",
    "Mounting Type",
    "Package / Case",
    "Manufacturer",
    "Description",
    "RoHS",
    "Datasheet"
  ],
  "0202": [
    "MPN",
    "Location",
    "Quantity",
    "Value",
    "Transistor Type",
    "Polarity",
    "Collector-Emitter Voltage (Vceo)",
    "Collector-Base Voltage (Vcbo)",
    "Emitter-Base Voltage (Vebo)",
    "Collector Current (Ic)",
    "Power Dissipation (Pd)",
    "Gain (hFE) @ Ic, Vce",
    "Transition Frequency (ft)",
    "Noise Figure",
    "Operating Temperature",
    "Mounting Type",
    "Package / Case",
    "Manufacturer",
    "Description",
    "RoHS",
    "Datasheet"
  ],
  "0203": [
    "MPN",
    "Location",
    "Quantity",
    "Value",
    "FET Type",
    "Technology",
    "Drain to Source Voltage (Vdss)",
    "Current - Continuous Drain (Id) on 25°C",
    "Drive Voltage (Max Rds On)",
    "Drive Voltage (Min Rds On)",
    "Rds On (Max) @ Id, Vgs",
    "Vgs(th) (Max) @ Id",
    "Gate Charge (Qg) (Max) @ Vgs",
    "Vgs (Max)",
    "Input Capacitance (Ciss) (Max) @ Vds",
    "FET Feature",
    "Power Dissipation (Max)",
    "Operating Temperature",
    "Grade",
    "Qualification",
    "Mounting Type",
    "Package / Case",
    "Manufacturer",
    "Description",
    "RoHS",
    "Datasheet"
  ],
  "0204": [
    "MPN",
    "Location",
    "Quantity",
    "Value",
    "IGBT Type",
    "Collector-Emitter Voltage (Vce)",
    "Collector Current (Ic)",
    "Vge (Gate-Emitter Voltage)",
    "Switching Energy",
    "Input Capacitance (Cies)",
    "Power Dissipation (Max)",
    "Operating Temperature",
    "Mounting Type",
    "Package / Case",
    "Manufacturer",
    "Description",
    "RoHS",
    "Datasheet"
  ],
  "0205": [
    "MPN",
    "Location",
    "Quantity",
    "Value",
    "Thyristor Type",
    "Repetitive Off-State Voltage (Vdrm)",
    "RMS On-State Current (It(rms))",
    "Peak On-State Current (Itsm)",
    "Holding Current (Ih)",
    "Gate Trigger Voltage (Vgt)",
    "Gate Trigger Current (Igt)",
    "dv/dt",
    "Operating Temperature",
    "Mounting Type",
    "Package / Case",
    "Manufacturer",
    "Description",
    "RoHS",
    "Datasheet"
  ],
  "0206": [
    "MPN",
    "Location",
    "Quantity",
    "Value",
    "Diode Type",
    "Unidirectional Channels",
    "Voltage - Reverse Standoff (Typ)",
    "Voltage - Breakdown (Min)",
    "Voltage - Clamping (Max) @ Ipp",
    "Current - Peak Pulse (10/1000µs)",
    "Power - Peak Pulse",
    "Power Line Protection",
    "Applications",
    "Capacitance @ Frequency",
    "Operating Temperature",
    "Mounting Type",
    "Package / Case",
    "Manufacturer",
    "Description",
    "RoHS",
    "Datasheet"
  ],
  "0101": [
    "MPN",
    "Location",
    "Quantity",
    "Value",
    "Capacitance",
    "Tolerance",
    "Voltage - Rated",
    "Dielectric",
    "Operating Temperature",
    "ESR @ Frequency",
    "Ratings",
    "Ripple Current @ Low Frequency",
    "Ripple Current @ High Frequency",
    "Qualification",
    "Mounting Type",
    "Package / Case",
    "Manufacturer",
    "Description",
    "RoHS",
    "Datasheet"
  ],
  "0102": [
    "MPN",
    "Location",
    "Quantity",
    "Value",
    "Resistance",
    "Tolerance",
    "Power (Watts)",
    "Composition",
    "Features",
    "Qualification",
    "Temperature Coefficient",
    "Operating Temperature",
    "Mounting Type",
    "Package / Case",
    "Ratings",
    "Manufacturer",
    "Description",
    "RoHS",
    "Datasheet"
  ],
  "0103": [
    "MPN",
    "Location",
    "Quantity",
    "Value",
    "Type",
    "Material - Core",
    "Inductance",
    "Tolerance",
    "Current Rating (Amps)",
    "Current - Saturation (Isat)",
    "Shielding",
    "DC Resistance (DCR)",
    "Q @ Freq",
    "Frequency - Self Resonant",
    "Qualification",
    "Operating Temperature",
    "Inductance Frequency - Test",
    "Mounting Type",
    "Package / Case",
    "Manufacturer",
    "Description",
    "RoHS",
    "Datasheet"
  ],
  "0104": [
    "MPN",
    "Location",
    "Quantity",
    "Value",
    "Filter Type",
    "Number of Lines",
    "Impedance @ Frequency",
    "Current Rating (Max)",
    "DC Resistance (DCR) (Max)",
    "Qualification",
    "Operating Temperature",
    "Mounting Type",
    "Package / Case",
    "Manufacturer",
    "Description",
    "RoHS",
    "Datasheet"
  ],
  "0301": [
    "MPN",
    "Location",
    "Quantity",
    "Value",
    "Function",
    "Output Configuration",
    "Topology",
    "Output Type",
    "Number of Regulators",
    "Voltage - Input (Min)",
    "Voltage - Input (Max)",
    "Voltage - Output (Min/Fixed)",
    "Voltage - Output (Max)",
    "Current - Output",
    "Frequency - Switching",
    "Duty Cycle (Max)",
    "PSRR",
    "Control Features",
    "Protection Features",
    "Qualification",
    "Operating Temperature",
    "Mounting Type",
    "Package / Case",
    "Manufacturer",
    "Description",
    "RoHS",
    "Datasheet"
  ],
  "0302": [
    "MPN",
    "Location",
    "Quantity",
    "Value",
    "Amplifier Type",
    "Number of Channels",
    "Output Type",
    "Slew Rate",
    "Gain Bandwidth Product",
    "Current - Input Bias",
    "Voltage - Input Offset",
    "Current - Supply",
    "Current - Output / Channel",
    "Voltage - Supply (Min)",
    "Voltage - Supply (Max)",
    "Qualification",
    "Operating Temperature",
    "Mounting Type",
    "Package / Case",
    "Manufacturer",
    "Description",
    "RoHS",
    "Datasheet"
  ],
  "0303": [
    "MPN",
    "Location",
    "Quantity",
    "Value",
    "Converter Type",
    "Architecture",
    "Resolution (Bits)",
    "Throughput / Sample Rate",
    "Number of Channels",
    "Input Type",
    "Reference Type",
    "Data Interface",
    "Voltage - Supply, Analog",
    "Voltage - Supply, Digital",
    "Power Consumption (Typical)",
    "INL / DNL",
    "SNR / ENOB",
    "Operating Temperature",
    "Mounting Type",
    "Package / Case",
    "Manufacturer",
    "Description",
    "RoHS",
    "Datasheet"
  ],
  "0304": [
    "MPN",
    "Location",
    "Quantity",
    "Value",
    "Timing Device Type",
    "Frequency",
    "Stability (ppm)",
    "Tolerance (ppm)",
    "Aging (ppm/yr)",
    "Output Type",
    "Load Capacitance",
    "Supply Voltage",
    "Current - Supply",
    "Operating Temperature",
    "Mounting Type",
    "Package / Case",
    "Manufacturer",
    "Description",
    "RoHS",
    "Datasheet"
  ],
  "0305": [
    "MPN",
    "Location",
    "Quantity",
    "Value",
    "Type",
    "Protocol",
    "Number of Drivers/Receivers",
    "Duplex",
    "Receiver Hysteresis",
    "Data Rate",
    "Input Type",
    "Output Type",
    "Input Voltage - Min",
    "Input Voltage - Max",
    "Maximum Output Voltage",
    "Voltage - Supply",
    "Pd - Power Dissipation",
    "Operating Temperature",
    "ESD Protection",
    "Isolation",
    "Mounting Type",
    "Package / Case",
    "Moisture Sensitive",
    "Qualification",
    "Manufacturer",
    "Description",
    "RoHS",
    "Datasheet"
  ],
  "0306": [
    "MPN",
    "Location",
    "Quantity",
    "Value",
    "Logic Type",
    "Number of Circuits",
    "Number of Inputs",
    "Features",
    "Input Type",
    "Output Type",
    "Number of Elements",
    "Number of Bits per Element",
    "Clock Frequency",
    "Max Propagation Delay @ V, Max CL",
    "Trigger Type",
    "Voltage - Output High",
    "Voltage - Output Low",
    "Current - Output High",
    "Current - Output Low",
    "Voltage - Supply",
    "Quiescent Current (Iq)",
    "Input Capacitance (Cin)",
    "Operating Temperature",
    "Mounting Type",
    "Package / Case",
    "Manufacturer",
    "Description",
    "RoHS",
    "Datasheet"
  ],
  "0307": [
    "MPN",
    "Location",
    "Quantity",
    "Value",
    "Memory Type",
    "Technology",
    "Memory Size",
    "Memory Organization",
    "Interface",
    "Clock Frequency",
    "Access Time",
    "Endurance",
    "Data Retention",
    "Voltage - Supply",
    "Operating Temperature",
    "Mounting Type",
    "Package / Case",
    "Manufacturer",
    "Description",
    "RoHS",
    "Datasheet"
  ],
  "0308": [
    "MPN",
    "Location",
    "Quantity",
    "Value",
    "Core Processor",
    "Core Size",
    "Speed",
    "Connectivity",
    "Peripherals",
    "Number of I/O",
    "Program Memory Size",
    "Program Memory Type",
    "EEPROM Size",
    "RAM Size",
    "Voltage - Supply (Vcc/Vdd)",
    "Data Converters",
    "Oscillator Type",
    "Operating Temperature",
    "Mounting Type",
    "Package / Case",
    "Manufacturer",
    "Description",
    "RoHS",
    "Datasheet"
  ],
  "0309": [
    "MPN",
    "Location",
    "Quantity",
    "Value",
    "Device Type",
    "Logic Cells / LUTs",
    "Embedded RAM",
    "DSP Slices",
    "Transceivers",
    "I/O Pins",
    "Speed Grade",
    "Core Voltage",
    "Configuration Interface",
    "Operating Temperature",
    "Mounting Type",
    "Package / Case",
    "Manufacturer",
    "Description",
    "RoHS",
    "Datasheet"
  ],
  "0310": [
    "MPN",
    "Location",
    "Quantity",
    "Value",
    "Interface Type",
    "Sensor Front End Type",
    "Number of Channels",
    "Data Rate / Sample Rate",
    "Resolution",
    "Input Type",
    "Voltage - Supply",
    "Operating Temperature",
    "Mounting Type",
    "Package / Case",
    "Manufacturer",
    "Description",
    "RoHS",
    "Datasheet"
  ],
  "0399": [
    "MPN",
    "Location",
    "Quantity",
    "Value",
    "Type",
    "Function",
    "Interface",
    "Channels",
    "Voltage - Supply",
    "Features",
    "Operating Temperature",
    "Mounting Type",
    "Package / Case",
    "Manufacturer",
    "Description",
    "RoHS",
    "Datasheet"
  ],
  "0311": [
    "MPN",
    "Location",
    "Quantity",
    "Value",
    "Driver Type",
    "Output Configuration",
    "Input Type",
    "Interface",
    "Voltage - Supply",
    "Current - Output",
    "Features",
    "Operating Temperature",
    "Mounting Type",
    "Package / Case",
    "Manufacturer",
    "Description",
    "RoHS",
    "Datasheet"
  ],
  "0401": [
    "MPN",
    "Location",
    "Quantity",
    "Value",
    "Connector Type",
    "Number of Ports",
    "Number of Rows",
    "Applications",
    "Mounting Type",
    "Orientation",
    "Termination",
    "Height Above Board",
    "LED Color",
    "Number of Cores per Jack",
    "Shielding",
    "Features",
    "Tab Direction",
    "Contact Material",
    "Contact Finish",
    "Operating Temperature",
    "Contact Finish Thickness",
    "Shield Material",
    "Manufacturer",
    "Description",
    "RoHS",
    "Datasheet"
  ],
  "0402": [
    "MPN",
    "Location",
    "Quantity",
    "Value",
    "Connector Type",
    "Connector Style",
    "Number of Positions",
    "Pitch",
    "Row Spacing",
    "Contact Type",
    "Contact Finish",
    "Mounting Type",
    "Termination",
    "Features",
    "Orientation",
    "Operating Temperature",
    "Package / Case",
    "Manufacturer",
    "Description",
    "RoHS",
    "Datasheet"
  ],
  "0403": [
    "MPN",
    "Location",
    "Quantity",
    "Value",
    "Connector Type",
    "Number of Contacts",
    "Gender",
    "Cable Type",
    "Wire Gauge",
    "Shielding",
    "Features",
    "Operating Temperature",
    "Mounting Type",
    "Orientation",
    "Termination",
    "Housing Material",
    "Manufacturer",
    "Description",
    "RoHS",
    "Datasheet"
  ],
  "0404": [
    "MPN",
    "Location",
    "Quantity",
    "Value",
    "Connector Type",
    "Number of Ports",
    "Data Rate",
    "Applications",
    "Shielding",
    "Orientation",
    "Contact Material",
    "Contact Finish",
    "Mounting Type",
    "Termination",
    "Operating Temperature",
    "Manufacturer",
    "Description",
    "RoHS",
    "Datasheet"
  ],
  "0405": [
    "MPN",
    "Location",
    "Quantity",
    "Value",
    "Connector Type",
    "Number of Positions",
    "Pitch",
    "Stack Height",
    "Mounting Type",
    "Orientation",
    "Termination",
    "Contact Material",
    "Contact Finish",
    "Operating Temperature",
    "Manufacturer",
    "Description",
    "RoHS",
    "Datasheet"
  ],
  "0406": [
    "MPN",
    "Location",
    "Quantity",
    "Value",
    "Connector Type",
    "Polarity",
    "Voltage Rating",
    "Current Rating",
    "Wire Gauge",
    "Contact Material",
    "Contact Finish",
    "Features",
    "Mounting Type",
    "Operating Temperature",
    "Manufacturer",
    "Description",
    "RoHS",
    "Datasheet"
  ],
  "0501": [
    "MPN",
    "Location",
    "Quantity",
    "Value",
    "Sensor Type",
    "Output Type",
    "Sensing Range",
    "Sensitivity",
    "Accuracy",
    "Resolution",
    "Response Time",
    "Supply Voltage",
    "Current - Supply",
    "Interface",
    "Features",
    "Operating Temperature",
    "Mounting Type",
    "Package / Case",
    "Manufacturer",
    "Description",
    "RoHS",
    "Datasheet"
  ],
  "0502": [
    "MPN",
    "Location",
    "Quantity",
    "Value",
    "Sensor Type",
    "Pressure Type",
    "Operating Pressure",
    "Output Type",
    "Accuracy",
    "Resolution",
    "Supply Voltage",
    "Current - Supply",
    "Port Size",
    "Port Style",
    "Features",
    "Operating Temperature",
    "Mounting Type",
    "Package / Case",
    "Manufacturer",
    "Description",
    "RoHS",
    "Datasheet"
  ],
  "0503": [
    "MPN",
    "Location",
    "Quantity",
    "Value",
    "Sensor Type",
    "Axis",
    "Range",
    "Sensitivity (LSB/g)",
    "Output Type",
    "Data Rate",
    "Bandwidth",
    "Supply Voltage",
    "Current - Supply",
    "Interface",
    "Features",
    "Operating Temperature",
    "Mounting Type",
    "Package / Case",
    "Manufacturer",
    "Description",
    "RoHS",
    "Datasheet"
  ],
  "0504": [
    "MPN",
    "Location",
    "Quantity",
    "Value",
    "Sensor Type",
    "Range",
    "Sensitivity",
    "Bias Instability",
    "Output Type",
    "Data Rate",
    "Supply Voltage",
    "Current - Supply",
    "Interface",
    "Features",
    "Operating Temperature",
    "Mounting Type",
    "Package / Case",
    "Manufacturer",
    "Description",
    "RoHS",
    "Datasheet"
  ],
  "0505": [
    "MPN",
    "Location",
    "Quantity",
    "Value",
    "Sensor Type",
    "Measurement",
    "Wavelength/Type",
    "Spectral Response",
    "Lux Range",
    "Sensitivity",
    "Output Type",
    "Supply Voltage",
    "Current - Supply",
    "Interface",
    "Features",
    "Operating Temperature",
    "Mounting Type",
    "Package / Case",
    "Manufacturer",
    "Description",
    "RoHS",
    "Datasheet"
  ],
  "0601": [
    "MPN",
    "Location",
    "Quantity",
    "Value",
    "Relay Type",
    "Coil Voltage",
    "Coil Resistance",
    "Contact Form",
    "Contact Rating (Current)",
    "Switching Voltage",
    "Operate Time",
    "Release Time",
    "Features",
    "Operating Temperature",
    "Mounting Type",
    "Termination Style",
    "Seal Rating",
    "Package / Case",
    "Manufacturer",
    "Description",
    "RoHS",
    "Datasheet"
  ],
  "0602": [
    "MPN",
    "Location",
    "Quantity",
    "Value",
    "Relay Type",
    "Load Voltage",
    "Load Current",
    "Control Voltage",
    "On-State Resistance (Max)",
    "Turn-On Time",
    "Turn-Off Time",
    "Isolation Voltage",
    "Features",
    "Operating Temperature",
    "Mounting Type",
    "Package / Case",
    "Manufacturer",
    "Description",
    "RoHS",
    "Datasheet"
  ],
  "0603": [
    "MPN",
    "Location",
    "Quantity",
    "Value",
    "Relay Type",
    "Coil Voltage",
    "Coil Resistance",
    "Contact Form",
    "Contact Rating (Current)",
    "Operate Time",
    "Release Time",
    "Shielding",
    "Mounting Type",
    "Termination Style",
    "Package / Case",
    "Manufacturer",
    "Description",
    "RoHS",
    "Datasheet"
  ],
  "0701": [
    "MPN",
    "Location",
    "Quantity",
    "Value",
    "Type",
    "Voltage - Input",
    "Voltage - Output",
    "Current - Output",
    "Power (Watts)",
    "Efficiency",
    "Regulation",
    "Protection Features",
    "Connector",
    "Polarity",
    "Operating Temperature",
    "Mounting Type",
    "Package / Case",
    "Manufacturer",
    "Description",
    "RoHS",
    "Datasheet"
  ],
  "0702": [
    "MPN",
    "Location",
    "Quantity",
    "Value",
    "Type",
    "Voltage - Input (Min)",
    "Voltage - Input (Max)",
    "Voltage - Output",
    "Current - Output",
    "Power (Watts)",
    "Efficiency",
    "Number of Outputs",
    "Isolation",
    "Protection Features",
    "Mounting Type",
    "Package / Case",
    "Manufacturer",
    "Description",
    "RoHS",
    "Datasheet"
  ],
  "0703": [
    "MPN",
    "Location",
    "Quantity",
    "Value",
    "Type",
    "Voltage - Input Range",
    "Voltage - Output",
    "Current - Output",
    "Power (Watts)",
    "Efficiency",
    "Number of Outputs",
    "Isolation",
    "Protection Features",
    "DIN Rail Size",
    "Operating Temperature",
    "Mounting Type",
    "Package / Case",
    "Manufacturer",
    "Description",
    "RoHS",
    "Datasheet"
  ],
  "0801": [
    "MPN",
    "Location",
    "Quantity",
    "Value",
    "Crystal Type",
    "Frequency",
    "Frequency Tolerance",
    "Frequency Stability",
    "Load Capacitance",
    "ESR (Equivalent Series Resistance)",
    "Drive Level",
    "Operating Temperature",
    "Mounting Type",
    "Package / Case",
    "Manufacturer",
    "Description",
    "RoHS",
    "Datasheet"
  ],
  "0802": [
    "MPN",
    "Location",
    "Quantity",
    "Value",
    "Oscillator Type",
    "Frequency",
    "Frequency Stability",
    "Frequency Tolerance",
    "Supply Voltage",
    "Current - Supply",
    "Output",
    "Jitter (RMS)",
    "Phase Noise",
    "Operating Temperature",
    "Mounting Type",
    "Package / Case",
    "Manufacturer",
    "Description",
    "RoHS",
    "Datasheet"
  ],
  "0803": [
    "MPN",
    "Location",
    "Quantity",
    "Value",
    "Resonator Type",
    "Frequency",
    "Tolerance",
    "Stability",
    "Load Capacitance",
    "Operating Temperature",
    "Mounting Type",
    "Package / Case",
    "Manufacturer",
    "Description",
    "RoHS",
    "Datasheet"
  ],
  "0901": [
    "MPN",
    "Location",
    "Quantity",
    "Value",
    "Connector Type",
    "Number of Positions",
    "Pitch",
    "Orientation",
    "Contact Gender",
    "Row Count",
    "Termination",
    "Shielding",
    "Material Contact",
    "Plating Contact",
    "Current Rating",
    "Voltage Rating",
    "Insulation Material",
    "Mating Cycles",
    "Qualification",
    "Operating Temperature",
    "Mounting Type",
    "Package / Case",
    "Manufacturer",
    "Description",
    "RoHS",
    "Datasheet"
  ],

  "0902": [
    "MPN",
    "Location",
    "Quantity",
    "Value",
    "Connector Type",
    "Number of Positions",
    "Number of Rows",
    "Pitch",
    "Contact Gender",
    "Wire Gauge",
    "Termination Style",
    "Orientation",
    "Locking Feature",
    "Current Rating",
    "Voltage Rating",
    "Housing Material",
    "Mating Cycles",
    "Qualification",
    "Operating Temperature",
    "Mounting Type",
    "Package / Case",
    "Manufacturer",
    "Description",
    "RoHS",
    "Datasheet"
  ],

  "0903": [
    "MPN",
    "Location",
    "Quantity",
    "Value",
    "Connector Type",
    "Number of Positions",
    "Pitch",
    "Termination Style",
    "Wire Gauge",
    "Orientation",
    "Current Rating",
    "Voltage Rating",
    "Clamp Type",
    "Housing Material",
    "Color",
    "Mating Cycles",
    "Qualification",
    "Operating Temperature",
    "Mounting Type",
    "Package / Case",
    "Manufacturer",
    "Description",
    "RoHS",
    "Datasheet"
  ],

  "0904": [
    "MPN",
    "Location",
    "Quantity",
    "Value",
    "Connector Series",
    "Shell Size",
    "Contact Gender",
    "Number of Contacts",
    "Coupling Type",
    "Shielding",
    "Ingress Protection",
    "Current Rating",
    "Voltage Rating",
    "Shell Material",
    "Plating Contact",
    "Cable Diameter",
    "Qualification",
    "Operating Temperature",
    "Mounting Type",
    "Package / Case",
    "Manufacturer",
    "Description",
    "RoHS",
    "Datasheet"
  ],

  "0905": [
    "MPN",
    "Location",
    "Quantity",
    "Value",
    "Connector Series",
    "Gender",
    "Impedance",
    "Frequency Max",
    "Mounting Feature",
    "Termination Style",
    "Shielding",
    "VSWR",
    "Body Material",
    "Plating",
    "Dielectric Material",
    "Cable Type",
    "Qualification",
    "Operating Temperature",
    "Mounting Type",
    "Package / Case",
    "Manufacturer",
    "Description",
    "RoHS",
    "Datasheet"
  ],

  "0906": [
    "MPN",
    "Location",
    "Quantity",
    "Value",
    "Connector Type",
    "Gender",
    "Number of Positions",
    "Pitch",
    "Contact Type",
    "Termination Style",
    "Shell Size",
    "Locking Feature",
    "Current Rating",
    "Voltage Rating",
    "Shell Material",
    "Plating Contact",
    "Mating Cycles",
    "Qualification",
    "Operating Temperature",
    "Mounting Type",
    "Package / Case",
    "Manufacturer",
    "Description",
    "RoHS",
    "Datasheet"
  ],

  "0907": [
    "MPN",
    "Location",
    "Quantity",
    "Value",
    "Connector Type",
    "Number of Ports",
    "Shielding",
    "With Magnetics",
    "LEDs",
    "Orientation",
    "Gender",
    "Data Rate",
    "Jack Configuration",
    "Mounting Feature",
    "EMI Tabs",
    "Current Rating",
    "Qualification",
    "Operating Temperature",
    "Mounting Type",
    "Package / Case",
    "Manufacturer",
    "Description",
    "RoHS",
    "Datasheet"
  ],

  "0908": [
    "MPN",
    "Location",
    "Quantity",
    "Value",
    "Connector Type",
    "Card Type",
    "Number of Contacts",
    "Pitch",
    "Orientation",
    "Locking Mechanism",
    "Ejector Type",
    "Current Rating",
    "Voltage Rating",
    "Housing Material",
    "Contact Plating",
    "Mating Cycles",
    "Qualification",
    "Operating Temperature",
    "Mounting Type",
    "Package / Case",
    "Manufacturer",
    "Description",
    "RoHS",
    "Datasheet"
  ],

  "0909": [
    "MPN",
    "Location",
    "Quantity",
    "Value",
    "Connector Type",
    "Number of Positions",
    "Fuse Holder",
    "Switch Type",
    "Filter Type",
    "Current Rating",
    "Voltage Rating",
    "Termination Style",
    "Panel Cutout",
    "Ingress Protection",
    "Grounding Feature",
    "Color",
    "Qualification",
    "Operating Temperature",
    "Mounting Type",
    "Package / Case",
    "Manufacturer",
    "Description",
    "RoHS",
    "Datasheet"
  ],

  "0910": [
    "MPN",
    "Location",
    "Quantity",
    "Value",
    "Interface Type",
    "Connector Type",
    "Gender",
    "Number of Contacts",
    "Orientation",
    "Shielding",
    "Current Rating",
    "Voltage Rating",
    "Data Rate",
    "Termination Style",
    "Shell Material",
    "Plating Contact",
    "Qualification",
    "Operating Temperature",
    "Mounting Type",
    "Package / Case",
    "Manufacturer",
    "Description",
    "RoHS",
    "Datasheet"
  ],

  "0911": [
    "MPN",
    "Location",
    "Quantity",
    "Value",
    "Connector Type",
    "Number of Contacts",
    "Contact Arrangement",
    "Housing Type",
    "Locking Mechanism",
    "Ingress Protection",
    "Current Rating",
    "Voltage Rating",
    "Wire Gauge",
    "Shell Material",
    "Plating Contact",
    "Mating Cycles",
    "Qualification",
    "Operating Temperature",
    "Mounting Type",
    "Package / Case",
    "Manufacturer",
    "Description",
    "RoHS",
    "Datasheet"
  ],

  "0912": [
    "MPN",
    "Location",
    "Quantity",
    "Value",
    "Connector Type",
    "Fiber Type",
    "Connector Gender",
    "Mode Type",
    "Cable Diameter",
    "Insertion Loss",
    "Return Loss",
    "Polish Type",
    "Housing Material",
    "Shielding",
    "Ingress Protection",
    "Qualification",
    "Operating Temperature",
    "Mounting Type",
    "Package / Case",
    "Manufacturer",
    "Description",
    "RoHS",
    "Datasheet"
  ],

  "0913": [
    "MPN",
    "Location",
    "Quantity",
    "Value",
    "Connector Type",
    "Gender",
    "Mounting Feature",
    "Current Rating",
    "Voltage Rating",
    "Wire Size",
    "Body Material",
    "Contact Material",
    "Color",
    "Stackable",
    "Shielding",
    "Qualification",
    "Operating Temperature",
    "Mounting Type",
    "Package / Case",
    "Manufacturer",
    "Description",
    "RoHS",
    "Datasheet"
  ],

  "0914": [
    "MPN",
    "Location",
    "Quantity",
    "Value",
    "Type",
    "Current Rating",
    "Voltage Rating",
    "Pitch",
    "Height",
    "Color",
    "Body Material",
    "Contact Material",
    "Plating",
    "Marking",
    "Configuration",
    "Mating Cycles",
    "Qualification",
    "Operating Temperature",
    "Mounting Type",
    "Package / Case",
    "Manufacturer",
    "Description",
    "RoHS",
    "Datasheet"
  ],

  "0915": [
    "MPN",
    "Location",
    "Quantity",
    "Value",
    "Socket Type",
    "Number of Pins",
    "Pitch",
    "Contact Type",
    "Insertion Force",
    "Contact Material",
    "Plating Contact",
    "Housing Material",
    "Retention Feature",
    "Mating Cycles",
    "Actuation Type",
    "Locking Feature",
    "Qualification",
    "Operating Temperature",
    "Mounting Type",
    "Package / Case",
    "Manufacturer",
    "Description",
    "RoHS",
    "Datasheet"
  ],

  "0916": [
    "MPN",
    "Location",
    "Quantity",
    "Value",
    "Connector Type",
    "Number of Positions",
    "Pitch",
    "Wire Gauge",
    "Orientation",
    "Termination Style",
    "Locking Feature",
    "Current Rating",
    "Voltage Rating",
    "Housing Material",
    "Plating Contact",
    "Color",
    "Qualification",
    "Operating Temperature",
    "Mounting Type",
    "Package / Case",
    "Manufacturer",
    "Description",
    "RoHS",
    "Datasheet"
  ],

  "0917": [
    "MPN",
    "Location",
    "Quantity",
    "Value",
    "Connector Type",
    "Number of Contacts",
    "Pitch",
    "Orientation",
    "Current Rating",
    "Voltage Rating",
    "Termination Style",
    "Locking Mechanism",
    "Contact Material",
    "Plating Contact",
    "Ingress Protection",
    "Mating Cycles",
    "Qualification",
    "Operating Temperature",
    "Mounting Type",
    "Package / Case",
    "Manufacturer",
    "Description",
    "RoHS",
    "Datasheet"
  ],
  "0918": [
    "MPN",
    "Location",
    "Quantity",
    "Value",
    "Flat Flex Type",
    "Mounting Type",
    "Connector/Contact Type",
    "Number of Positions",
    "Pitch",
    "Termination",
    "FFC/FPC Thickness",
    "Height Above Board",
    "Locking Feature",
    "Cable End Type",
    "Contact Material",
    "Contact Finish",
    "Housing Material",
    "Actuator Material",
    "Features",
    "Voltage Rating",
    "Material Flammability Rating",
    "Current Rating (Amps)",
    "Contact Finish Thickness",
    "Housing Color",
    "Actuator Color",
    "Mating Cycles",
    "Qualification",
    "Operating Temperature",
    "Mounting Type",
    "Package / Case",
    "Manufacturer",
    "Description",
    "RoHS",
    "Datasheet"
  ],

  "0999": [
    "MPN",
    "Location",
    "Quantity",
    "Value",
    "Accessory Type",
    "For Connector Type",
    "For Shell Size",
    "Material",
    "Color",
    "Mounting Feature",
    "Shielding",
    "Ingress Protection",
    "Weight",
    "Pack Quantity",
    "Compatibility Series",
    "Notes",
    "Qualification",
    "Operating Temperature",
    "Mounting Type",
    "Package / Case",
    "Manufacturer",
    "Description",
    "RoHS",
    "Datasheet"
  ],
  "1001": [
    "MPN",
    "Location",
    "Quantity",
    "Value",

    "Family Type",
    "Connector A",
    "Connector B",
    "Gender A",
    "Gender B",
    "Pin Count A",
    "Pin Count B",
    "Keying / Lock",
    "Orientation (Straight / RA)",
    "Length",
    "Conductor Size (AWG)",
    "Conductor Material",
    "Stranding",
    "Shielding",
    "Jacket Material",
    "Color",
    "Protocol / Standard",
    "Max Data Rate",
    "Rated Voltage",
    "Current Rating",
    "Bend Radius (Min)",
    "IP Rating",
    "Flame Rating",
    "Halogen Free",
    "Approvals / Certifications",

    "Operating Temperature",
    "Mounting Type",
    "Package / Case",
    "Manufacturer",
    "Description",
    "RoHS",
    "Datasheet"
  ],

  "1002": [
    "MPN",
    "Location",
    "Quantity",
    "Value",

    "Impedance (Ω)",
    "Frequency (Max)",
    "Connector A",
    "Connector B",
    "RF Polarity (A/B)",
    "Cable Type (RG/LMR)",
    "Length",
    "VSWR (Max)",
    "Return Loss (Min)",
    "Insertion Loss @ Freq",
    "Phase Stability",
    "Power Handling",
    "Shield Construction",
    "Jacket Material",
    "Color",
    "Armored",
    "Right-angle Ends",
    "Bulkhead / Panel Mount",

    "Operating Temperature",
    "Mounting Type",
    "Package / Case",
    "Manufacturer",
    "Description",
    "RoHS",
    "Datasheet"
  ],

  "1003": [
    "MPN",
    "Location",
    "Quantity",
    "Value",

    "Category (Cat5e/Cat6/…)",
    "Shielding Type (UTP/FTP/S-FTP)",
    "Conductor Type (Stranded/Solid)",
    "Conductor Size (AWG)",
    "Length",
    "Boot Type (Snagless/None)",
    "Connector A",
    "Connector B",
    "Industrial Variant (M12, IP-rated)",
    "Bandwidth (MHz)",
    "PoE Class Support",
    "Jacket Material",
    "Jacket Rating (CM/CMR/CMP/LSZH)",
    "Color",
    "IP Rating",

    "Operating Temperature",
    "Mounting Type",
    "Package / Case",
    "Manufacturer",
    "Description",
    "RoHS",
    "Datasheet"
  ],

  "1004": [
    "MPN",
    "Location",
    "Quantity",
    "Value",

    "Type (FFC/FPC)",
    "Contact Style (A same / B opposite)",
    "Pitch (mm)",
    "Positions",
    "Length",
    "Thickness",
    "Contact Plating",
    "Orientation (ZIF/LIF)",
    "Reinforcement / Stiffener",
    "Shielding",
    "Current per Conductor",
    "Rated Voltage",
    "Bend Radius (Min)",
    "Jacket / Film Material",

    "Operating Temperature",
    "Mounting Type",
    "Package / Case",
    "Manufacturer",
    "Description",
    "RoHS",
    "Datasheet"
  ],

  "1005": [
    "MPN",
    "Location",
    "Quantity",
    "Value",

    "Region / Plug Standard",
    "Connector A (Plug Type)",
    "Connector B (IEC/NEMA)",
    "Orientation (Straight/RA)",
    "Switch / Fuse",
    "Length",
    "Conductor Size (mm²/AWG)",
    "Wire Count",
    "Rated Voltage",
    "Current Rating",
    "Jacket Material",
    "Hospital Grade",
    "High Temp Silicone",
    "Angle on IEC",
    "Color",
    "Approvals / Certifications",
    "IP Rating",

    "Operating Temperature",
    "Mounting Type",
    "Package / Case",
    "Manufacturer",
    "Description",
    "RoHS",
    "Datasheet"
  ],

  "1006": [
    "MPN",
    "Location",
    "Quantity",
    "Value",

    "Fiber Mode (OS2/OM1/OM2/OM3/OM4/OM5)",
    "Core/Cladding (µm)",
    "Connector A",
    "Connector B",
    "Polish (UPC/APC)",
    "Fiber Count (Simplex/Duplex)",
    "Cable Construction (Zip/Breakout/MPO)",
    "Length",
    "Jacket Type (Indoor/Outdoor/LSZH)",
    "Armored",
    "Bend Insensitive",
    "Insertion Loss (Max)",
    "Return Loss (Min)",
    "Operating Wavelength",
    "CPR / Fire Rating",
    "IP Rating",

    "Operating Temperature",
    "Mounting Type",
    "Package / Case",
    "Manufacturer",
    "Description",
    "RoHS",
    "Datasheet"
  ],

  "1007": [
    "MPN",
    "Location",
    "Quantity",
    "Value",

    "Cable Type (Hook-up/Ribbon/Multi-conductor)",
    "Conductor Count",
    "Pair Count",
    "Conductor Size (AWG)",
    "Strand Construction (e.g. 56×0.3 mm)",
    "Conductor Material",
    "Insulation Material",
    "Jacket Material",
    "Shielding",
    "Drain Wire",
    "Twist / Pairing",
    "Overall Diameter (OD)",
    "Color",
    "Rated Voltage",
    "Current Rating",
    "UL Style",
    "Jacket Rating (CM/CMR/CMP/PLENUM/LSZH)",
    "Flex Rating (Drag-chain/High-flex)",
    "Length Unit (Per m / Reel)",

    "Operating Temperature",
    "Mounting Type",
    "Package / Case",
    "Manufacturer",
    "Description",
    "RoHS",
    "Datasheet"
  ],

  "1090": [
    "MPN",
    "Location",
    "Quantity",
    "Value",

    "Accessory Type",
    "Material",
    "Size / Range",
    "Color",
    "Bundle Diameter Range",
    "Tensile Strength",
    "Heat Shrink Ratio",
    "Recovered ID",
    "Adhesive Lined",
    "Expandable/Braided Type",
    "IP Rating",
    "Flame Rating",
    "Halogen Free",
    "Length per Piece/Reel",
    "Mounting Feature (Hole/Panel/Adhesive)",

    "Operating Temperature",
    "Mounting Type",
    "Package / Case",
    "Manufacturer",
    "Description",
    "RoHS",
    "Datasheet"
  ],

  "1099": [
    "MPN",
    "Location",
    "Quantity",
    "Value",

    "Accessory Type",
    "Compatible Connector Type",
    "Wire Size Range",
    "Stud / Ferrule Size",
    "Insulation",
    "Material",
    "Plating",
    "Color",
    "Angle / Orientation",
    "IP Rating",
    "Voltage Rating",
    "Current Rating",
    "Tooling Required",
    "Contents / Pieces",

    "Operating Temperature",
    "Mounting Type",
    "Package / Case",
    "Manufacturer",
    "Description",
    "RoHS",
    "Datasheet"
  ],

  "1201": [
    "MPN",
    "Location",
    "Quantity",
    "Value",
    "Relay Type",
    "Contact Form",
    "Contact Rating (Current)",
    "Switching Voltage",
    "Coil Voltage",
    "Coil Current",
    "Coil Resistance",
    "Coil Type",
    "Operate Time",
    "Release Time",
    "Must Operate Voltage",
    "Must Release Voltage",
    "Termination Style",
    "Seal Rating",
    "Features",
    "Contact Material",
    "Dielectric Strength",
    "Insulation Resistance",
    "Operate Life (Mechanical)",
    "Operate Life (Electrical)",
    "Approval Agency",
    "Operating Temperature",
    "Mounting Type",
    "Package / Case",
    "Manufacturer",
    "Description",
    "RoHS",
    "Datasheet"
  ],

  "1202": [
    "MPN",
    "Location",
    "Quantity",
    "Value",
    "Mounting Type",
    "Coil Voltage",
    "Contact Form",
    "Contact Rating (Current)",
    "Switching Voltage",
    "Load - Max Switching",
    "Coil Current",
    "Coil Type",
    "Termination Style",
    "Seal Rating",
    "Coil Insulation",
    "Must Operate Voltage",
    "Must Release Voltage",
    "Operate Time",
    "Release Time",
    "Contact Material",
    "Relay Type",
    "Coil Resistance",
    "Features",
    "Switching Cycles",
    "Operating Temperature",
    "Package / Case",
    "Manufacturer",
    "Description",
    "RoHS",
    "Datasheet"
  ],

  "1203": [
    "MPN",
    "Location",
    "Quantity",
    "Value",
    "Relay Type",
    "Contact Form",
    "Contact Rating (Current)",
    "Switching Voltage",
    "Coil Voltage",
    "Coil Current",
    "Coil Resistance",
    "Operate Time",
    "Release Time",
    "Coil Type",
    "Features",
    "Shielding",
    "Dielectric Strength",
    "Insulation Resistance",
    "Contact Material",
    "Operate Life (Mechanical)",
    "Operate Life (Electrical)",
    "Approval Agency",
    "Operating Temperature",
    "Mounting Type",
    "Package / Case",
    "Manufacturer",
    "Description",
    "RoHS",
    "Datasheet"
  ],

  "1204": [
    "MPN",
    "Location",
    "Quantity",
    "Value",
    "Relay Type",
    "Output Type",
    "Circuit",
    "Load Current",
    "Load Voltage",
    "Control Voltage (Input)",
    "Turn On Time",
    "Turn Off Time",
    "Zero Cross",
    "Isolation Voltage",
    "Voltage Drop (On State)",
    "Current Leakage (Off State)",
    "Trigger Current",
    "Trigger Voltage",
    "Features",
    "Protection Features",
    "Approval Agency",
    "Operating Temperature",
    "Mounting Type",
    "Package / Case",
    "Manufacturer",
    "Description",
    "RoHS",
    "Datasheet"
  ],

  "1205": [
    "MPN",
    "Location",
    "Quantity",
    "Value",
    "Contactor Type",
    "Poles",
    "Load Current",
    "Load Voltage",
    "Coil Voltage",
    "Coil Power",
    "Coil Resistance",
    "Coil Type",
    "Operate Time",
    "Release Time",
    "Auxiliary Contacts",
    "Features",
    "Overload Protection",
    "Approval Agency",
    "Operating Temperature",
    "Mounting Type",
    "Package / Case",
    "Manufacturer",
    "Description",
    "RoHS",
    "Datasheet"
  ],

  "1299": [
    "MPN",
    "Location",
    "Quantity",
    "Value",
    "Accessory Type",
    "Relay Compatibility",
    "Mounting Type",
    "Termination Style",
    "Features",
    "Material",
    "Approval Agency",
    "Operating Temperature",
    "Manufacturer",
    "Description",
    "RoHS",
    "Datasheet"
  ],

  "2901": [
    "MPN",
    "Location",
    "Quantity",
    "Value",
    "SN",
    "Board Type",
    "MCU / SoC / FPGA",
    "Processor Family",
    "Clock Speed",
    "Memory Size",
    "Interface Options",
    "Supported Protocols",
    "Expansion Headers",
    "Debug Interface",
    "Power Supply Voltage",
    "Current Consumption",
    "Dimensions",
    "Mounting Holes",
    "Included Accessories",
    "Firmware / SDK Support",
    "Evaluation Target",
    "Operating Temperature",
    "Mounting Type",
    "Package / Case",
    "Manufacturer",
    "Description",
    "RoHS",
    "Datasheet"
  ],

  "2902": [
    "MPN",
    "Location",
    "Quantity",
    "Value",
    "SN",
    "Interface Type",
    "Conversion Direction",
    "Supported Protocols",
    "Isolation Voltage",
    "Data Rate",
    "Connector Type",
    "Port Count",
    "Baud Rate",
    "Signal Level Range",
    "Power Supply Voltage",
    "Current Consumption",
    "Indicators / LEDs",
    "Form Factor",
    "Mounting Feature",
    "Cable Compatibility",
    "Operating Temperature",
    "Mounting Type",
    "Package / Case",
    "Manufacturer",
    "Description",
    "RoHS",
    "Datasheet"
  ],

  "2903": [
    "MPN",
    "Location",
    "Quantity",
    "Value",
    "SN",
    "Interface Type",
    "Port Count",
    "PHY Type",
    "Data Rate",
    "Supported Standards",
    "PoE Support",
    "Isolation Voltage",
    "Power Supply Voltage",
    "Current Consumption",
    "Connector Type",
    "Configuration Interface",
    "Status LEDs",
    "Mounting Feature",
    "Dimensions",
    "Enclosure Option",
    "Operating Temperature",
    "Mounting Type",
    "Package / Case",
    "Manufacturer",
    "Description",
    "RoHS",
    "Datasheet"
  ],

  "2904": [
    "MPN",
    "Location",
    "Quantity",
    "Value",
    "SN",
    "Power Topology",
    "Input Voltage Range",
    "Output Voltage",
    "Output Current",
    "Efficiency",
    "Isolation",
    "Regulation Type",
    "Protection Features",
    "Control Interface",
    "Monitoring Output",
    "Power Connector Type",
    "Dimensions",
    "Cooling Method",
    "Mounting Feature",
    "Indicators / Status LEDs",
    "Operating Temperature",
    "Mounting Type",
    "Package / Case",
    "Manufacturer",
    "Description",
    "RoHS",
    "Datasheet"
  ],

  "2905": [
    "MPN",
    "Location",
    "Quantity",
    "Value",
    "SN",
    "Sensor Type",
    "Measured Quantity",
    "Measurement Range",
    "Resolution",
    "Accuracy",
    "Output Type",
    "Interface Type",
    "Supply Voltage",
    "Current Consumption",
    "Update Rate",
    "Calibration",
    "Protection",
    "Connector Type",
    "Dimensions",
    "Mounting Feature",
    "Indicators / LEDs",
    "Operating Temperature",
    "Mounting Type",
    "Package / Case",
    "Manufacturer",
    "Description",
    "RoHS",
    "Datasheet"
  ],

  "2906": [
    "MPN",
    "Location",
    "Quantity",
    "Value",
    "SN",
    "Display Type",
    "Display Size",
    "Resolution",
    "Color Depth",
    "Interface Type",
    "Backlight Type",
    "Touch Type",
    "Controller IC",
    "Supply Voltage",
    "Current Consumption",
    "Viewing Angle",
    "Brightness",
    "Connector Type",
    "Cable Type",
    "Mounting Feature",
    "Included Components",
    "Operating Temperature",
    "Mounting Type",
    "Package / Case",
    "Manufacturer",
    "Description",
    "RoHS",
    "Datasheet"
  ],

  "2907": [
    "MPN",
    "Location",
    "Quantity",
    "Value",
    "SN",
    "Function",
    "Audio Channels",
    "Codec / Amplifier IC",
    "Input Type",
    "Output Type",
    "Supported Sampling Rate",
    "Signal to Noise Ratio",
    "THD+N",
    "Interface Type",
    "Power Supply Voltage",
    "Current Consumption",
    "Connector Type",
    "Gain / Volume Control",
    "Protection Features",
    "Form Factor",
    "Mounting Feature",
    "Operating Temperature",
    "Mounting Type",
    "Package / Case",
    "Manufacturer",
    "Description",
    "RoHS",
    "Datasheet"
  ],

  "2908": [
    "MPN",
    "Location",
    "Quantity",
    "Value",
    "SN",
    "Adapter Type",
    "Supported Bus",
    "Interface Direction",
    "Signal Type",
    "Voltage Range",
    "Port Count",
    "Isolation",
    "Connector Type",
    "Power Supply Voltage",
    "Current Consumption",
    "Mounting Feature",
    "Dimensions",
    "Indicators / LEDs",
    "Shielding",
    "Operating Temperature",
    "Mounting Type",
    "Package / Case",
    "Manufacturer",
    "Description",
    "RoHS",
    "Datasheet"
  ],

  "2909": [
    "MPN",
    "Location",
    "Quantity",
    "Value",
    "SN",
    "Form Factor",
    "Interface Type",
    "PCIe Lane Count",
    "Supported Standard",
    "Bus Voltage",
    "Power Connector",
    "Data Rate",
    "Supported Devices",
    "Mounting Bracket Type",
    "Dimensions",
    "Cooling Option",
    "Indicators / LEDs",
    "Stackable / Daisy-chain",
    "Shielding",
    "EMI Compliance",
    "Operating Temperature",
    "Mounting Type",
    "Package / Case",
    "Manufacturer",
    "Description",
    "RoHS",
    "Datasheet"
  ],

  "2910": [
    "MPN",
    "Location",
    "Quantity",
    "Value",
    "SN",
    "Switching Type",
    "Relay Type",
    "Channel Count",
    "Load Voltage Range",
    "Load Current Range",
    "Control Signal Voltage",
    "Isolation Voltage",
    "Response Time",
    "Protection Features",
    "Indicators / LEDs",
    "Connectors",
    "Mounting Feature",
    "Dimensions",
    "Power Supply Voltage",
    "Current Consumption",
    "Coil Type",
    "Operating Temperature",
    "Mounting Type",
    "Package / Case",
    "Manufacturer",
    "Description",
    "RoHS",
    "Datasheet"
  ],

  "2911": [
    "MPN",
    "Location",
    "Quantity",
    "Value",
    "SN",
    "Measurement Type",
    "Channel Count",
    "Resolution",
    "Sampling Rate",
    "Input Voltage Range",
    "Accuracy",
    "Interface Type",
    "Reference Type",
    "Input Impedance",
    "Isolation",
    "Supply Voltage",
    "Current Consumption",
    "Calibration Method",
    "Data Format",
    "Connector Type",
    "Indicators / LEDs",
    "Mounting Feature",
    "Operating Temperature",
    "Mounting Type",
    "Package / Case",
    "Manufacturer",
    "Description",
    "RoHS",
    "Datasheet"
  ],

  "2912": [
    "MPN",
    "Location",
    "Quantity",
    "Value",
    "SN",
    "Adapter Type",
    "Interface Type",
    "Supported Devices",
    "Target Connector",
    "Cable Type",
    "Pinout Configuration",
    "Supported Protocols",
    "Test Functionality",
    "Voltage Range",
    "Current Limit",
    "Indicators / LEDs",
    "Mounting Feature",
    "Form Factor",
    "Housing Material",
    "Cable Length",
    "Operating Temperature",
    "Mounting Type",
    "Package / Case",
    "Manufacturer",
    "Description",
    "RoHS",
    "Datasheet"
  ],

  "2913": [
    "MPN",
    "Location",
    "Quantity",
    "Value",
    "SN",
    "Board Type",
    "Supported Packages",
    "Hole Pitch",
    "Grid Size",
    "Board Dimensions",
    "Material",
    "Copper Thickness",
    "Finish Type",
    "Pad Style",
    "Soldermask Color",
    "Silkscreen Color",
    "Mounting Feature",
    "Breadboard Compatibility",
    "Stackable",
    "With Power Rails",
    "Operating Temperature",
    "Mounting Type",
    "Package / Case",
    "Manufacturer",
    "Description",
    "RoHS",
    "Datasheet"
  ],

  "2914": [
    "MPN",
    "Location",
    "Quantity",
    "Value",
    "SN",
    "Assembly Type",
    "Functional Category",
    "Revision",
    "Board Count",
    "Subassembly Count",
    "Interface Type",
    "Power Input Range",
    "Feature Set",
    "Microcontroller / Processor",
    "Memory Type",
    "Connectors Used",
    "Mechanical Features",
    "Thermal Design",
    "Protection Features",
    "Test Coverage",
    "Certification",
    "Operating Temperature",
    "Mounting Type",
    "Package / Case",
    "Manufacturer",
    "Description",
    "RoHS",
    "Datasheet"
  ]
}